{"cameraMode":{"drawMode":0,"name":"Shaded","section":"Shading Mode"},"sceneLighting":false,"audioPlay":false,"sceneViewState":{"m_AlwaysRefresh":false,"showFog":true,"showSkybox":false,"showFlares":true,"showImageEffects":true,"showParticleSystems":true,"showVisualEffectGraphs":true,"m_FxEnabled":true},"in2DMode":false,"pivot":{"x":-3.5287137031555177,"y":17.838260650634767,"z":9.545537948608399},"rotation":{"x":-0.02247530408203602,"y":-0.044973403215408328,"z":-0.0010120535735040904,"w":0.9987362623214722},"size":1.2825367450714112,"orthographic":false}